observableId	preequilibrationConditionId	simulationConditionId	simulation	time	observableParameters	observableTransformation	noiseDistribution
patient_105		condition1	1860000	0		log10	normal
patient_105		condition1	1851810.36689883	0.25		log10	normal
patient_105		condition1	1810225.3405842	0.5		log10	normal
patient_105		condition1	1731023.03438251	0.75		log10	normal
patient_105		condition1	1622815.16935044	1		log10	normal
patient_105		condition1	1496900.50271573	1.25		log10	normal
patient_105		condition1	1363269.14615056	1.5		log10	normal
patient_105		condition1	1229442.38119697	1.75		log10	normal
patient_105		condition1	767132.663106335	2.75		log10	normal
patient_105		condition1	459200.33082893	3.75		log10	normal
patient_105		condition1	271534.501982976	4.75		log10	normal
patient_105		condition1	160019.934111288	5.75		log10	normal
patient_105		condition1	94217.5663873072	6.75		log10	normal
