observableId	simulationConditionId	measurement	time	observableParameters	noiseParameters
obsId_Cer	id_by4741	0.0004992811410539192	20.0	1	4.755632923845861e-05
obsId_DAG	id_by4741	0.002166112788807099	20.0	1	7.309168232457067e-05
obsId_EE	id_by4741	0.002281083667833009	20.0	1	0.0001440574565932073
obsId_Ergosterol	id_by4741	0.0006968295175230699	20.0	1	2.9459212619358033e-05
obsId_IPC	id_by4741	0.0016902002818201553	20.0	1	0.00011458389494101403
obsId_LPA	id_by4741	0.0005173823226556453	20.0	1	3.699233842219702e-05
obsId_LPC	id_by4741	0.0012078672325930395	20.0	1	0.00014855218195841398
obsId_LPI	id_by4741	0.002556925763434865	20.0	1	0.00011905059174822153
obsId_LPS	id_by4741	0.002127537013963124	20.0	1	0.0002194212447929154
obsId_MIP2C	id_by4741	0.00033338917545206544	20.0	1	3.0369708878385387e-05
obsId_MIPC	id_by4741	0.0006057085296949289	20.0	1	6.535952582842073e-05
obsId_PA	id_by4741	0.00034095857393468475	20.0	1	3.573257801268366e-05
obsId_PC	id_by4741	0.004953942525009134	20.0	1	6.395963874732076e-05
obsId_PE	id_by4741	0.0025768505858939318	20.0	1	0.00019055776162283788
obsId_PG	id_by4741	0.0003149241584956294	20.0	1	4.783388843284601e-05
obsId_PI	id_by4741	0.005074536373169486	20.0	1	0.0002589662966864152
obsId_PS	id_by4741	0.0024912832643269735	20.0	1	0.00017066435220222719
obsId_TAG	id_by4741	0.027856151708600632	20.0	1	0.001147426244934505
obsId_FA	id_by4741	0.1227458822162881	20.0	1	0.005917536813772433
obsId_Cer	id_by4741_ale1	0.00023627383833663002	20.0	1	8.361130697022576e-06
obsId_DAG	id_by4741_ale1	0.002057482390134628	20.0	1	0.00011980223312527099
obsId_EE	id_by4741_ale1	0.0038145585898835296	20.0	1	0.0003254047241856574
obsId_Ergosterol	id_by4741_ale1	0.0017660620268287605	20.0	1	0.00030891693376295775
obsId_IPC	id_by4741_ale1	0.0014237119049357017	20.0	1	2.3869639624319165e-05
obsId_LPA	id_by4741_ale1	0.00014464311931537246	20.0	1	2.0318222006552838e-05
obsId_LPC	id_by4741_ale1	0.0010305381167510742	20.0	1	0.00011202964189197818
obsId_LPE	id_by4741_ale1	0.0007905870266784641	20.0	1	9.592617160649868e-05
obsId_LPI	id_by4741_ale1	0.002435558734408232	20.0	1	0.0003413260918110152
obsId_LPS	id_by4741_ale1	0.0017645877630849682	20.0	1	0.00021812664670557819
obsId_MIP2C	id_by4741_ale1	0.0006135688385662569	20.0	1	2.1394688233975983e-05
obsId_MIPC	id_by4741_ale1	0.0004262394487129928	20.0	1	1.0791107788558436e-05
obsId_PA	id_by4741_ale1	0.0004697298727571953	20.0	1	3.055214917426083e-05
obsId_PC	id_by4741_ale1	0.008249596874992406	20.0	1	0.0009112162037554707
obsId_PE	id_by4741_ale1	0.002027868595128353	20.0	1	3.2055182893447874e-05
obsId_PG	id_by4741_ale1	0.0002305098364805553	20.0	1	3.44798821035018e-05
obsId_PI	id_by4741_ale1	0.006701526521875605	20.0	1	0.00043616300345651534
obsId_PS	id_by4741_ale1	0.0024850900917614796	20.0	1	0.00010588610322228323
obsId_TAG	id_by4741_ale1	0.02746064760523464	20.0	1	0.0012098519866839852
obsId_FA	id_by4741_ale1	0.09808100947585698	20.0	1	0.01274621609251469
obsId_Cer	id_by4741_ino1	0.0010820374060270727	20.0	1	8.514147985273489e-05
obsId_DAG	id_by4741_ino1	0.009558197012235821	20.0	1	0.0007175761442073071
obsId_EE	id_by4741_ino1	0.006472448844230417	20.0	1	0.0005500845269139989
obsId_Ergosterol	id_by4741_ino1	0.0038641004388530594	20.0	1	2.3224103388436928e-05
obsId_IPC	id_by4741_ino1	0.0017551204783247632	20.0	1	0.0001079141753191291
obsId_LPC	id_by4741_ino1	0.0004399560973575598	20.0	1	5.696892922036029e-05
obsId_LPI	id_by4741_ino1	0.00046105653837708163	20.0	1	7.968202963907098e-05
obsId_LPS	id_by4741_ino1	0.000997527426641787	20.0	1	0.00010373913071936555
obsId_MIP2C	id_by4741_ino1	0.00014573305489680357	20.0	1	1.8211577714094783e-05
obsId_MIPC	id_by4741_ino1	0.002114671505607366	20.0	1	0.0003373394861380702
obsId_PA	id_by4741_ino1	0.004132241736416058	20.0	1	0.0002648840266015954
obsId_PC	id_by4741_ino1	0.016116952812846624	20.0	1	0.000590497277229444
obsId_PE	id_by4741_ino1	0.0018248922934270425	20.0	1	9.88714443063787e-05
obsId_PG	id_by4741_ino1	0.00035967344691807684	20.0	1	1.2518621734625199e-05
obsId_PI	id_by4741_ino1	0.0006216911849210933	20.0	1	1.699712545489622e-05
obsId_PS	id_by4741_ino1	0.003914115700484524	20.0	1	0.0003160526438341658
obsId_TAG	id_by4741_ino1	0.03158637948995234	20.0	1	0.0009893016641116296
obsId_FA	id_by4741_ino1	0.1282601984041826	20.0	1	0.01588396917279803
obsId_Cer	id_by4741_psd1	0.0002724960885432905	20.0	1	1.42448958857162e-05
obsId_DAG	id_by4741_psd1	0.004331322362694492	20.0	1	0.00010030173794098858
obsId_EE	id_by4741_psd1	0.0029983879747850855	20.0	1	0.00019977729086426675
obsId_Ergosterol	id_by4741_psd1	0.0033758076849793733	20.0	1	0.0002374828227230991
obsId_IPC	id_by4741_psd1	0.0016701477129894768	20.0	1	0.00011747334891625123
obsId_LPA	id_by4741_psd1	0.00039208106889185973	20.0	1	4.161651778563318e-05
obsId_LPC	id_by4741_psd1	0.001467621138964618	20.0	1	0.00027165510610241997
obsId_LPI	id_by4741_psd1	0.0014183595362544596	20.0	1	5.028602842782836e-05
obsId_LPS	id_by4741_psd1	0.0024286983627677112	20.0	1	0.0004250016193589173
obsId_MIP2C	id_by4741_psd1	0.0002305343297068422	20.0	1	2.5428617804860683e-05
obsId_MIPC	id_by4741_psd1	0.0005554346613611254	20.0	1	7.29172675819637e-05
obsId_PA	id_by4741_psd1	0.0010083217771523238	20.0	1	7.143048893589433e-05
obsId_PC	id_by4741_psd1	0.008547865918596274	20.0	1	0.0006693606119753244
obsId_PE	id_by4741_psd1	0.002670203757385736	20.0	1	0.00036967641260493117
obsId_PG	id_by4741_psd1	0.0004170671305394452	20.0	1	3.200670937624575e-05
obsId_PI	id_by4741_psd1	0.006250351460367646	20.0	1	0.0005016939006233508
obsId_PS	id_by4741_psd1	0.00432659067939202	20.0	1	0.0006689444593569904
obsId_TAG	id_by4741_psd1	0.012383714276704996	20.0	1	0.00031359676335656565
obsId_FA	id_by4741_psd1	0.1166461829594855	20.0	1	0.00950006171982462
obsId_Cer	id_by4741_sct1	0.00041802068036229787	20.0	1	8.10593419009314e-05
obsId_DAG	id_by4741_sct1	0.0019232207527299905	20.0	1	0.00011214434879067893
obsId_EE	id_by4741_sct1	0.004591261433918648	20.0	1	0.0001505620454914614
obsId_Ergosterol	id_by4741_sct1	0.002125693341005194	20.0	1	0.00023649856663473758
obsId_IPC	id_by4741_sct1	0.001966987762228913	20.0	1	9.955995438978679e-05
obsId_LPA	id_by4741_sct1	3.792193180229072e-05	20.0	1	2.9653176749366043e-06
obsId_LPC	id_by4741_sct1	0.0014112560695847744	20.0	1	9.246748847437394e-05
obsId_LPE	id_by4741_sct1	0.0007714741365273542	20.0	1	4.098473910340083e-05
obsId_LPI	id_by4741_sct1	0.0015084525683287811	20.0	1	0.00016649138528499372
obsId_LPS	id_by4741_sct1	0.001789537828595963	20.0	1	0.00014027882796567082
obsId_MIP2C	id_by4741_sct1	0.0002862610245304057	20.0	1	2.314753780791747e-05
obsId_MIPC	id_by4741_sct1	0.0008072171382679511	20.0	1	5.630992292854661e-05
obsId_PA	id_by4741_sct1	0.0005156149147304719	20.0	1	5.6499879055113995e-05
obsId_PC	id_by4741_sct1	0.007877826950918434	20.0	1	0.00012480306718150942
obsId_PE	id_by4741_sct1	0.0038828008643270544	20.0	1	0.00010209003968103001
obsId_PG	id_by4741_sct1	0.0002208985676406849	20.0	1	1.3020635766710706e-05
obsId_PI	id_by4741_sct1	0.004632715836297654	20.0	1	6.17768568689314e-05
obsId_PS	id_by4741_sct1	0.003152363252346719	20.0	1	0.00019275757271010454
obsId_TAG	id_by4741_sct1	0.024496993079273104	20.0	1	0.0006364126782807459
obsId_FA	id_by4741_sct1	0.08169622621105009	20.0	1	0.0050408453690791565
obsId_Cer	id_by4741_dpl1	0.0003141050821492426	20.0	1	4.079635767622113e-05
obsId_DAG	id_by4741_dpl1	0.00282148213902867	20.0	1	0.00014581720797472245
obsId_EE	id_by4741_dpl1	0.0036817984409582955	20.0	1	0.0003615569956507607
obsId_Ergosterol	id_by4741_dpl1	0.0015889036692044878	20.0	1	0.00026657355539962775
obsId_IPC	id_by4741_dpl1	0.001498984120601588	20.0	1	0.00022437772238285777
obsId_LPA	id_by4741_dpl1	0.00013748443531998018	20.0	1	7.173877862148373e-06
obsId_LPC	id_by4741_dpl1	0.0006793166800844303	20.0	1	5.301998861385589e-05
obsId_LPI	id_by4741_dpl1	0.001360835419312202	20.0	1	0.00017055263835604064
obsId_LPS	id_by4741_dpl1	0.0011073258564896415	20.0	1	0.0001203843467250254
obsId_MIP2C	id_by4741_dpl1	0.0006562992582032304	20.0	1	7.365285701906832e-05
obsId_MIPC	id_by4741_dpl1	0.0005192813564361835	20.0	1	8.240180022953579e-05
obsId_PA	id_by4741_dpl1	0.0006213665607803767	20.0	1	3.102608173772219e-05
obsId_PC	id_by4741_dpl1	0.006764897973689905	20.0	1	0.0001328094938246936
obsId_PE	id_by4741_dpl1	0.001172612500953403	20.0	1	0.00012830506819445762
obsId_PG	id_by4741_dpl1	0.0004287985152982487	20.0	1	4.954835738772816e-05
obsId_PI	id_by4741_dpl1	0.004465189850830108	20.0	1	0.00021408052502032123
obsId_PS	id_by4741_dpl1	0.0025798384096298193	20.0	1	0.0001966488598438799
obsId_TAG	id_by4741_dpl1	0.029318554234522513	20.0	1	0.000712411113152755
obsId_FA	id_by4741_dpl1	0.0655336748955352	20.0	1	0.005355544384705848
obsId_Cer	id_by4741_elo3	0.0006073123456240987	20.0	1	5.8428173543811866e-05
obsId_DAG	id_by4741_elo3	0.005916138247323212	20.0	1	0.00020289050451097166
obsId_EE	id_by4741_elo3	0.010877048720739363	20.0	1	0.000991255900564516
obsId_Ergosterol	id_by4741_elo3	0.004047142305038136	20.0	1	5.512466203335981e-05
obsId_IPC	id_by4741_elo3	0.0007463089535721805	20.0	1	2.1280100053777945e-05
obsId_LPC	id_by4741_elo3	0.0004599580656343832	20.0	1	2.6684507001792607e-05
obsId_LPI	id_by4741_elo3	0.0007137461917789958	20.0	1	1.741816052589592e-05
obsId_LPS	id_by4741_elo3	0.0006232054623207306	20.0	1	5.0414140192081836e-05
obsId_MIP2C	id_by4741_elo3	0.00011694910054707388	20.0	1	1.0384882778841627e-05
obsId_MIPC	id_by4741_elo3	4.039183419092308e-05	20.0	1	5.057654409634424e-06
obsId_PA	id_by4741_elo3	0.0015505470231196	20.0	1	0.00026155275707695226
obsId_PC	id_by4741_elo3	0.007909864242008182	20.0	1	0.0006055988589616058
obsId_PE	id_by4741_elo3	0.0015392802320747588	20.0	1	6.310423608326025e-05
obsId_PG	id_by4741_elo3	0.0004230129024314412	20.0	1	2.994597244339476e-05
obsId_PI	id_by4741_elo3	0.002562524745179188	20.0	1	9.409856795080751e-05
obsId_PS	id_by4741_elo3	0.0021373151212865918	20.0	1	0.00021459353739072118
obsId_TAG	id_by4741_elo3	0.02505741326499886	20.0	1	0.0008438061100503935
obsId_FA	id_by4741_elo3	0.1218303906554362	20.0	1	0.007489710194267018
obsId_Cer	id_by4741_ydc1	0.00038017532276932034	20.0	1	1.3075237272004412e-05
obsId_DAG	id_by4741_ydc1	0.002237265608384977	20.0	1	0.00010744636614772838
obsId_EE	id_by4741_ydc1	0.0031458418956115757	20.0	1	0.00032760282468511265
obsId_Ergosterol	id_by4741_ydc1	0.001210959064953905	20.0	1	1.5120274986281293e-05
obsId_IPC	id_by4741_ydc1	0.001925734987404189	20.0	1	3.62883634066697e-05
obsId_LPA	id_by4741_ydc1	4.4433115511688024e-05	20.0	1	3.6296371238081237e-06
obsId_LPC	id_by4741_ydc1	0.0006143028716827313	20.0	1	4.192751221649897e-05
obsId_LPI	id_by4741_ydc1	0.001455085525032706	20.0	1	8.674497926186347e-05
obsId_LPS	id_by4741_ydc1	0.0015840222348334004	20.0	1	0.0002586731612257445
obsId_MIP2C	id_by4741_ydc1	0.0007470715076934105	20.0	1	1.4309153271454805e-05
obsId_MIPC	id_by4741_ydc1	0.0008432541859372227	20.0	1	2.5946679397487005e-05
obsId_PA	id_by4741_ydc1	0.0006189185484189844	20.0	1	4.233587763308253e-05
obsId_PC	id_by4741_ydc1	0.004376916199493457	20.0	1	0.00022559281856117
obsId_PE	id_by4741_ydc1	0.0018365533676106978	20.0	1	5.641968505343058e-05
obsId_PG	id_by4741_ydc1	0.0005615334993924726	20.0	1	5.8669553529195804e-05
obsId_PI	id_by4741_ydc1	0.003865605760669046	20.0	1	0.0005265755627662461
obsId_PS	id_by4741_ydc1	0.0034016386355705344	20.0	1	0.0006027724258417861
obsId_TAG	id_by4741_ydc1	0.02504132012395827	20.0	1	0.000731838379264369
obsId_FA	id_by4741_ydc1	0.06590155698317743	20.0	1	0.004379344784196876
obsId_Cer	id_scfa4	0.00026329573550296363	20.0	1	1.225166102778641e-05
obsId_DAG	id_scfa4	0.004470774901079464	20.0	1	0.0003605042344623169
obsId_EE	id_scfa4	0.002923757176240864	20.0	1	6.543008040725906e-05
obsId_Ergosterol	id_scfa4	0.0009651981807857067	20.0	1	2.1876649445057386e-05
obsId_IPC	id_scfa4	0.002008800898639112	20.0	1	0.00020976092334556052
obsId_LPA	id_scfa4	3.44506279738659e-05	20.0	1	9.458023603117233e-06
obsId_LPC	id_scfa4	0.0008034221828426073	20.0	1	8.575425792236178e-05
obsId_LPI	id_scfa4	0.0007178574619771656	20.0	1	0.0001263870473192813
obsId_LPS	id_scfa4	0.0006853649344256868	20.0	1	4.284050399910778e-05
obsId_MIP2C	id_scfa4	0.0007184727731549977	20.0	1	3.145038494864594e-05
obsId_MIPC	id_scfa4	0.0006904403485028068	20.0	1	0.00011794825037047038
obsId_PA	id_scfa4	0.0011739347451794515	20.0	1	0.0002202603020533542
obsId_PC	id_scfa4	0.013396731931152385	20.0	1	0.00037383220311064245
obsId_PE	id_scfa4	0.0023256186344836646	20.0	1	0.00023068575543119097
obsId_PG	id_scfa4	0.0006919420071295098	20.0	1	9.281526555557151e-05
obsId_PI	id_scfa4	0.00896434891439749	20.0	1	0.0007512385683152145
obsId_PS	id_scfa4	0.0040965525392833765	20.0	1	5.8860062212722965e-05
obsId_TAG	id_scfa4	0.010324459858614396	20.0	1	0.00015970320004445734
obsId_FA	id_scfa4	0.2622915059118514	20.0	1	0.023941658578849383
obsId_Cer	id_scfa4_ale1	0.0002998818783076923	20.0	1	1.5456309413005622e-05
obsId_DAG	id_scfa4_ale1	0.004317440525380439	20.0	1	0.0002679179657302137
obsId_EE	id_scfa4_ale1	0.003994373352779874	20.0	1	0.0002476225896499122
obsId_Ergosterol	id_scfa4_ale1	0.00047143717978283576	20.0	1	3.287143469841692e-05
obsId_IPC	id_scfa4_ale1	0.0015183689424970424	20.0	1	0.00022622307306531138
obsId_LPA	id_scfa4_ale1	0.00011294034526862844	20.0	1	1.802735178330911e-05
obsId_LPC	id_scfa4_ale1	0.00026093562441201873	20.0	1	4.1292221900515355e-05
obsId_LPE	id_scfa4_ale1	0.0005924411166462918	20.0	1	9.333396453613297e-05
obsId_LPI	id_scfa4_ale1	0.0008709751413720973	20.0	1	7.930469918515895e-05
obsId_LPS	id_scfa4_ale1	0.0006611969678551471	20.0	1	6.261964035057224e-05
obsId_MIP2C	id_scfa4_ale1	0.0011747328324348113	20.0	1	0.00011706303280593164
obsId_MIPC	id_scfa4_ale1	0.0002848985513404397	20.0	1	1.3545433052823e-05
obsId_PA	id_scfa4_ale1	0.000559077851269596	20.0	1	1.4102058579294144e-05
obsId_PC	id_scfa4_ale1	0.01310117043266012	20.0	1	0.0004224952393460268
obsId_PE	id_scfa4_ale1	0.00234891786552761	20.0	1	0.00019827747191424167
obsId_PG	id_scfa4_ale1	0.0005564998034116845	20.0	1	3.369408945323324e-05
obsId_PI	id_scfa4_ale1	0.007265102343821698	20.0	1	0.00039356757724079617
obsId_PS	id_scfa4_ale1	0.003069125562275192	20.0	1	0.0003726935486890335
obsId_TAG	id_scfa4_ale1	0.012020411757293452	20.0	1	9.303945934139629e-05
obsId_FA	id_scfa4_ale1	0.3615382328822222	20.0	1	0.03755525710139564
obsId_Cer	id_scfa4_cho2	0.00034077157296988505	20.0	1	2.5766330590128725e-05
obsId_DAG	id_scfa4_cho2	0.007101764590973946	20.0	1	0.0005447413351269989
obsId_EE	id_scfa4_cho2	0.005395053691914462	20.0	1	0.00022319062438827522
obsId_Ergosterol	id_scfa4_cho2	0.0028325751883346143	20.0	1	0.00020476331408373906
obsId_IPC	id_scfa4_cho2	0.0011930704962998754	20.0	1	3.170612982721452e-05
obsId_LPA	id_scfa4_cho2	0.00024408396425115326	20.0	1	4.3269615075123546e-05
obsId_LPC	id_scfa4_cho2	0.00014178198615791182	20.0	1	9.55083979769127e-06
obsId_LPE	id_scfa4_cho2	0.00041593732498383245	20.0	1	4.5581031813620324e-05
obsId_LPI	id_scfa4_cho2	0.0021908630275272044	20.0	1	0.0001379782159872588
obsId_LPS	id_scfa4_cho2	0.0010449408752309496	20.0	1	6.41403429935647e-05
obsId_MIP2C	id_scfa4_cho2	0.001577213213241298	20.0	1	8.660239479910142e-05
obsId_MIPC	id_scfa4_cho2	0.0001172357172233015	20.0	1	1.603868337653782e-05
obsId_PA	id_scfa4_cho2	0.0025613126121634554	20.0	1	0.00015970802754287775
obsId_PC	id_scfa4_cho2	0.0050808242346750436	20.0	1	0.0001512811796694131
obsId_PE	id_scfa4_cho2	0.01403386155311839	20.0	1	0.0006174549754361635
obsId_PG	id_scfa4_cho2	0.00027007105978444886	20.0	1	2.3511392390705614e-05
obsId_PI	id_scfa4_cho2	0.01325657955080966	20.0	1	0.00040554119586517964
obsId_PS	id_scfa4_cho2	0.0018832124230816051	20.0	1	0.00012278756213012198
obsId_TAG	id_scfa4_cho2	0.017454289598506825	20.0	1	0.0004088575000572913
obsId_FA	id_scfa4_cho2	0.2790653218737298	20.0	1	0.012347430592037441
obsId_Cer	id_scfa4_ino1	0.0010195285903855501	20.0	1	3.470506530046339e-05
obsId_DAG	id_scfa4_ino1	0.008628275635642006	20.0	1	0.0005790262514820229
obsId_EE	id_scfa4_ino1	0.004243258948691554	20.0	1	0.0001887664178739465
obsId_Ergosterol	id_scfa4_ino1	0.0017902171492813475	20.0	1	3.292678362143314e-05
obsId_IPC	id_scfa4_ino1	0.001092012107445401	20.0	1	0.00021776772118193362
obsId_LPA	id_scfa4_ino1	0.00013188625203253008	20.0	1	1.6908357267801526e-05
obsId_LPC	id_scfa4_ino1	0.001017503804869674	20.0	1	0.00018753660908000082
obsId_LPE	id_scfa4_ino1	0.0005378424415923538	20.0	1	7.074889156779594e-05
obsId_LPI	id_scfa4_ino1	0.00035324859409251766	20.0	1	5.9049195031211955e-05
obsId_LPS	id_scfa4_ino1	0.0012597660212237173	20.0	1	0.00016640979862973207
obsId_MIP2C	id_scfa4_ino1	0.0005675684968403713	20.0	1	2.8070707255915377e-05
obsId_MIPC	id_scfa4_ino1	0.0008584795108817454	20.0	1	1.7426401504614812e-05
obsId_PA	id_scfa4_ino1	0.0034864388557971243	20.0	1	6.481094530938203e-05
obsId_PC	id_scfa4_ino1	0.017839840479157033	20.0	1	0.00038429029723010253
obsId_PE	id_scfa4_ino1	0.0029748641774928757	20.0	1	0.00017954118725610366
obsId_PG	id_scfa4_ino1	0.0011985520749692102	20.0	1	4.344172779022413e-05
obsId_PI	id_scfa4_ino1	0.0003868727491995864	20.0	1	5.021409593149e-05
obsId_PS	id_scfa4_ino1	0.0026870562604540513	20.0	1	7.090383540162995e-05
obsId_TAG	id_scfa4_ino1	0.013559010344971954	20.0	1	0.00017118587784116453
obsId_FA	id_scfa4_ino1	0.3757673018490042	20.0	1	0.020338017034581258
obsId_Cer	id_scfa4_sct1	0.0003277211300029579	20.0	1	2.894641355455455e-05
obsId_DAG	id_scfa4_sct1	0.004890112200012737	20.0	1	0.00039629727949281923
obsId_EE	id_scfa4_sct1	0.004154391197727392	20.0	1	0.0002814409368001823
obsId_Ergosterol	id_scfa4_sct1	0.000637350767298619	20.0	1	0.00012490194092126036
obsId_IPC	id_scfa4_sct1	0.001730667582186193	20.0	1	0.00021780978485835806
obsId_LPA	id_scfa4_sct1	0.00021415745844956868	20.0	1	3.435737318063789e-05
obsId_LPC	id_scfa4_sct1	0.0002836246908268601	20.0	1	2.2140732711676365e-05
obsId_LPE	id_scfa4_sct1	0.000449962881606983	20.0	1	4.78594303412045e-05
obsId_LPI	id_scfa4_sct1	0.0011179803263183282	20.0	1	5.332272122681589e-05
obsId_LPS	id_scfa4_sct1	0.0013845342654297678	20.0	1	2.3257233101425726e-05
obsId_MIP2C	id_scfa4_sct1	0.0006533730639970281	20.0	1	3.3669950079000016e-05
obsId_MIPC	id_scfa4_sct1	0.000706298049342222	20.0	1	9.628534354064952e-05
obsId_PA	id_scfa4_sct1	0.0009632995919827173	20.0	1	6.541985510539302e-05
obsId_PC	id_scfa4_sct1	0.014327319269500661	20.0	1	0.00030076511293631187
obsId_PE	id_scfa4_sct1	0.0029856689031969278	20.0	1	4.71859087865441e-05
obsId_PG	id_scfa4_sct1	0.0006938161017559056	20.0	1	6.6296180183272e-05
obsId_PI	id_scfa4_sct1	0.005859782737588257	20.0	1	0.00029209668366733416
obsId_PS	id_scfa4_sct1	0.00304022908984077	20.0	1	4.7662025314325016e-05
obsId_TAG	id_scfa4_sct1	0.009918021518404544	20.0	1	0.0002001189714577712
obsId_FA	id_scfa4_sct1	0.30880857873576667	20.0	1	0.01265672014127237
obsId_Cer	id_scfa4_dpl1	0.0005501048632787921	20.0	1	8.5320089157015e-05
obsId_DAG	id_scfa4_dpl1	0.00474414783215162	20.0	1	0.0004696117963432057
obsId_EE	id_scfa4_dpl1	0.002466369152968627	20.0	1	0.00027908015928388325
obsId_Ergosterol	id_scfa4_dpl1	0.000282858974138526	20.0	1	2.111762328359747e-05
obsId_IPC	id_scfa4_dpl1	0.0037550556264430725	20.0	1	0.0005555163920016899
obsId_LPC	id_scfa4_dpl1	0.0005260876338839265	20.0	1	2.733049889467038e-05
obsId_LPE	id_scfa4_dpl1	0.0004065779464089459	20.0	1	3.363314809695499e-05
obsId_LPI	id_scfa4_dpl1	0.000668323408506744	20.0	1	7.394003977385694e-05
obsId_LPS	id_scfa4_dpl1	0.003246160005308189	20.0	1	0.0005389723709398247
obsId_MIP2C	id_scfa4_dpl1	0.001587685740966548	20.0	1	0.0002021543529035738
obsId_MIPC	id_scfa4_dpl1	0.0013580617888563499	20.0	1	0.0002358708744780768
obsId_PA	id_scfa4_dpl1	0.0010102184936861018	20.0	1	0.00010753296816233119
obsId_PC	id_scfa4_dpl1	0.008479626590518376	20.0	1	0.00029952530451430513
obsId_PE	id_scfa4_dpl1	0.0007195922933119976	20.0	1	9.16151242152516e-05
obsId_PG	id_scfa4_dpl1	0.0015298743804210957	20.0	1	0.00011726989319349993
obsId_PI	id_scfa4_dpl1	0.008571001280362785	20.0	1	0.0004825505846483012
obsId_PS	id_scfa4_dpl1	0.003886876495380884	20.0	1	0.0005648676503942984
obsId_TAG	id_scfa4_dpl1	0.007087555718475439	20.0	1	0.00020077003427258167
obsId_FA	id_scfa4_dpl1	0.2697563788799014	20.0	1	0.022520901318267447
obsId_Cer	id_scfa4_elo3	0.00045080411620511857	20.0	1	8.050374300644254e-05
obsId_DAG	id_scfa4_elo3	0.003228137538440912	20.0	1	6.204435239777671e-05
obsId_EE	id_scfa4_elo3	0.014554284524856327	20.0	1	0.0004487327480350281
obsId_Ergosterol	id_scfa4_elo3	0.0016649127958127017	20.0	1	0.00017006574096798562
obsId_IPC	id_scfa4_elo3	0.0031197641861888978	20.0	1	3.365490275731772e-05
obsId_LPA	id_scfa4_elo3	0.00012176238699479318	20.0	1	1.8511166798492495e-05
obsId_LPC	id_scfa4_elo3	0.0003860732029848138	20.0	1	2.5754112706113083e-05
obsId_LPI	id_scfa4_elo3	0.002090292056520195	20.0	1	4.33796294275591e-05
obsId_LPS	id_scfa4_elo3	0.0004659214204325107	20.0	1	9.074440501010945e-05
obsId_MIP2C	id_scfa4_elo3	0.0003720151843528457	20.0	1	2.358855196027679e-05
obsId_MIPC	id_scfa4_elo3	0.00020159973952837138	20.0	1	3.8445430871882995e-05
obsId_PA	id_scfa4_elo3	0.0006637346739405765	20.0	1	4.3265237286196144e-05
obsId_PC	id_scfa4_elo3	0.003273798870520182	20.0	1	9.511659284039979e-05
obsId_PE	id_scfa4_elo3	0.0008751495528093141	20.0	1	9.260801786707129e-05
obsId_PG	id_scfa4_elo3	0.0004385167980750579	20.0	1	4.623687837778944e-05
obsId_PI	id_scfa4_elo3	0.004711495789865318	20.0	1	7.779900124325687e-05
obsId_PS	id_scfa4_elo3	0.0015588988365345035	20.0	1	0.00022773843196568317
obsId_TAG	id_scfa4_elo3	0.005743728048730124	20.0	1	5.625197505205448e-05
obsId_FA	id_scfa4_elo3	0.3949171483527385	20.0	1	0.02241454684866681
obsId_Cer	id_scfa4_sur1	0.0006400366235401707	20.0	1	0.00010566536790904307
obsId_DAG	id_scfa4_sur1	0.005077214644588828	20.0	1	0.00037484105767113224
obsId_EE	id_scfa4_sur1	0.001987879487685427	20.0	1	0.00014560355709066254
obsId_Ergosterol	id_scfa4_sur1	0.0006113329763887999	20.0	1	3.8786504662279953e-05
obsId_IPC	id_scfa4_sur1	0.008184705632788575	20.0	1	0.001550600480827288
obsId_LPA	id_scfa4_sur1	0.000131377387080217	20.0	1	1.2792168240792785e-05
obsId_LPC	id_scfa4_sur1	0.0006003093045340834	20.0	1	2.3743650702256745e-05
obsId_LPI	id_scfa4_sur1	0.0007522470874688472	20.0	1	2.9054432117544576e-05
obsId_LPS	id_scfa4_sur1	0.0038017503666130945	20.0	1	0.0005347711400823173
obsId_MIP2C	id_scfa4_sur1	0.0014987286832291039	20.0	1	4.2705280209024785e-05
obsId_MIPC	id_scfa4_sur1	0.0001260231044453975	20.0	1	1.2644134516222696e-05
obsId_PA	id_scfa4_sur1	0.0010603839918875018	20.0	1	9.644681237345859e-05
obsId_PC	id_scfa4_sur1	0.00908560041191026	20.0	1	0.0005016236398982531
obsId_PE	id_scfa4_sur1	0.0006642779225176915	20.0	1	2.8048066363363853e-05
obsId_PG	id_scfa4_sur1	0.0012693876242382896	20.0	1	6.077001160995017e-05
obsId_PI	id_scfa4_sur1	0.007121721282991621	20.0	1	0.0003923769965420427
obsId_PS	id_scfa4_sur1	0.0026558908737333914	20.0	1	0.00023244302419560232
obsId_TAG	id_scfa4_sur1	0.006339935889028116	20.0	1	0.0002349331447021609
obsId_FA	id_scfa4_sur1	0.3066950488284649	20.0	1	0.01543183101167816
obsId_Cer	id_scfa4_ydc1	0.0003948766740369237	20.0	1	2.8193411220136572e-05
obsId_DAG	id_scfa4_ydc1	0.004671358536407858	20.0	1	0.00020825310333536987
obsId_EE	id_scfa4_ydc1	0.002217812898166002	20.0	1	0.0003221656901211452
obsId_Ergosterol	id_scfa4_ydc1	0.00015338328236648904	20.0	1	1.5347117126928078e-05
obsId_IPC	id_scfa4_ydc1	0.0020939141824188752	20.0	1	5.570841797384428e-05
obsId_LPC	id_scfa4_ydc1	0.0007524430653771382	20.0	1	9.011510122055562e-05
obsId_LPI	id_scfa4_ydc1	0.0012704010700265182	20.0	1	0.0001188707623609243
obsId_LPS	id_scfa4_ydc1	0.0025552937182182433	20.0	1	6.231003992845633e-05
obsId_MIP2C	id_scfa4_ydc1	0.0008897375653607418	20.0	1	6.669048903667777e-05
obsId_MIPC	id_scfa4_ydc1	0.0006881671838206473	20.0	1	3.4761730612920296e-05
obsId_PA	id_scfa4_ydc1	0.0010135123798873935	20.0	1	8.881302968848442e-05
obsId_PC	id_scfa4_ydc1	0.009948851026314945	20.0	1	0.00025200069150857425
obsId_PE	id_scfa4_ydc1	0.0014663101740154255	20.0	1	0.00017643025405151167
obsId_PG	id_scfa4_ydc1	0.0012089170466754657	20.0	1	0.00017619748887298092
obsId_PI	id_scfa4_ydc1	0.009001024439582733	20.0	1	0.0010133482398722667
obsId_PS	id_scfa4_ydc1	0.003336172419263525	20.0	1	5.0611534548554184e-05
obsId_TAG	id_scfa4_ydc1	0.008146815796406609	20.0	1	0.00018400613702406897
obsId_FA	id_scfa4_ydc1	0.33557480026595443	20.0	1	0.02704856748272855
obsId_Cer	id_scfa5	0.000317321582836597	20.0	1	3.607522799004939e-05
obsId_DAG	id_scfa5	0.007914877685088233	20.0	1	0.000222273732296896
obsId_EE	id_scfa5	0.004061168318964117	20.0	1	0.00020375887120425263
obsId_Ergosterol	id_scfa5	0.0019239967880896373	20.0	1	0.00025811532139707183
obsId_IPC	id_scfa5	0.0007281368372798186	20.0	1	2.898854751791296e-05
obsId_LPC	id_scfa5	0.0002913618165757033	20.0	1	1.2442903949408553e-05
obsId_LPE	id_scfa5	0.0006068730777103944	20.0	1	4.358506079024238e-05
obsId_LPI	id_scfa5	0.0004125903454004478	20.0	1	2.432001780838032e-05
obsId_LPS	id_scfa5	0.0008864301541815702	20.0	1	7.350286345677017e-05
obsId_MIP2C	id_scfa5	0.0002860017261327787	20.0	1	4.935380350984735e-05
obsId_MIPC	id_scfa5	0.0002613283375616832	20.0	1	2.148087480911326e-05
obsId_PA	id_scfa5	0.0008666894704938553	20.0	1	3.34040203253268e-05
obsId_PC	id_scfa5	0.01101537982765974	20.0	1	0.00012147503913475908
obsId_PE	id_scfa5	0.002796009920783325	20.0	1	0.00011980040723723163
obsId_PG	id_scfa5	0.000323697027862922	20.0	1	1.3558824992309683e-05
obsId_PI	id_scfa5	0.0035834887165365533	20.0	1	0.00017314164811606266
obsId_PS	id_scfa5	0.004709956837974821	20.0	1	0.0001376084223534565
obsId_TAG	id_scfa5	0.03660755258106513	20.0	1	0.000510701641672685
obsId_FA	id_scfa5	0.122018408205407	20.0	1	0.009151664317094622
obsId_Cer	id_scfa5_dpl1	0.00031134605713733447	20.0	1	3.571514955710438e-05
obsId_DAG	id_scfa5_dpl1	0.009307003358167105	20.0	1	0.0002522798158741563
obsId_EE	id_scfa5_dpl1	0.005229808359767304	20.0	1	0.00024088148605781655
obsId_Ergosterol	id_scfa5_dpl1	0.0031976364759256906	20.0	1	3.311591257493085e-05
obsId_IPC	id_scfa5_dpl1	0.0010313952362380357	20.0	1	0.0001278739390293874
obsId_LPA	id_scfa5_dpl1	7.083618481702991e-05	20.0	1	8.2246482498915e-06
obsId_LPC	id_scfa5_dpl1	0.00027497657707745615	20.0	1	7.815411983891315e-06
obsId_LPI	id_scfa5_dpl1	0.00045930951277390513	20.0	1	5.635638395314281e-05
obsId_LPS	id_scfa5_dpl1	0.0007391195645158954	20.0	1	0.00012557158793260185
obsId_MIP2C	id_scfa5_dpl1	0.0007321821089469718	20.0	1	3.0463625974581732e-05
obsId_MIPC	id_scfa5_dpl1	0.00046329619771435474	20.0	1	2.2423295505760668e-05
obsId_PA	id_scfa5_dpl1	0.0009879985518291084	20.0	1	5.542818545467494e-05
obsId_PC	id_scfa5_dpl1	0.011982416956117698	20.0	1	0.00030901505311688713
obsId_PE	id_scfa5_dpl1	0.0027286162543034157	20.0	1	0.0001429298494473202
obsId_PG	id_scfa5_dpl1	0.0002796496759754479	20.0	1	1.2568486901839808e-05
obsId_PI	id_scfa5_dpl1	0.005586884056327718	20.0	1	0.00037284207137885434
obsId_PS	id_scfa5_dpl1	0.00462143763737433	20.0	1	0.00041677380822542057
obsId_TAG	id_scfa5_dpl1	0.042433507594547656	20.0	1	0.0007653984526232205
obsId_FA	id_scfa5_dpl1	0.13556569490221948	20.0	1	0.00862252643679576
obsId_Cer	id_scfa5_elo3	0.0004423827933370177	20.0	1	3.2454997273770195e-05
obsId_DAG	id_scfa5_elo3	0.00957143911594989	20.0	1	0.00043583666140460154
obsId_EE	id_scfa5_elo3	0.008131289831116483	20.0	1	0.0006336887207382098
obsId_Ergosterol	id_scfa5_elo3	0.0021772846561008276	20.0	1	0.0003998586677934206
obsId_IPC	id_scfa5_elo3	0.0022005482125811797	20.0	1	0.00027136567463933303
obsId_LPA	id_scfa5_elo3	0.00012731213722735887	20.0	1	8.620271421594753e-06
obsId_LPC	id_scfa5_elo3	0.0002646896862476168	20.0	1	1.560544528837991e-05
obsId_LPI	id_scfa5_elo3	0.0007719677872291893	20.0	1	7.273639624945506e-05
obsId_LPS	id_scfa5_elo3	0.0006756363949138881	20.0	1	0.00012140673891118903
obsId_MIP2C	id_scfa5_elo3	0.0002058192223762597	20.0	1	1.3405938855042398e-05
obsId_MIPC	id_scfa5_elo3	4.815874402828834e-05	20.0	1	7.4993220096556645e-06
obsId_PA	id_scfa5_elo3	0.0007377678125070863	20.0	1	5.8430696494605975e-05
obsId_PC	id_scfa5_elo3	0.005913093541028941	20.0	1	0.00030059992951790874
obsId_PE	id_scfa5_elo3	0.0016563776609655725	20.0	1	0.000228510695192015
obsId_PG	id_scfa5_elo3	0.0006210491466787005	20.0	1	7.531270237321411e-05
obsId_PI	id_scfa5_elo3	0.002561348486679964	20.0	1	0.00011414617711615822
obsId_PS	id_scfa5_elo3	0.0016094148681228084	20.0	1	0.00018305224008635695
obsId_TAG	id_scfa5_elo3	0.05867467538583293	20.0	1	0.0011344805177637425
obsId_FA	id_scfa5_elo3	0.1213862066058879	20.0	1	0.0151858985905982
obsId_Cer	id_scfa5_sur1	0.00040640714813621175	20.0	1	6.0780771681989214e-05
obsId_DAG	id_scfa5_sur1	0.00799004031111718	20.0	1	0.0001321986061388916
obsId_EE	id_scfa5_sur1	0.004507531034550885	20.0	1	0.0007010393917813637
obsId_Ergosterol	id_scfa5_sur1	0.00206488463070028	20.0	1	0.00039943568948826283
obsId_IPC	id_scfa5_sur1	0.0013086366854703022	20.0	1	0.00016584817417691246
obsId_LPA	id_scfa5_sur1	7.344928248382354e-05	20.0	1	8.088038867345294e-06
obsId_LPC	id_scfa5_sur1	0.00022028368461955497	20.0	1	1.4184960303076311e-05
obsId_LPI	id_scfa5_sur1	0.0005752019068750821	20.0	1	9.822133963801737e-05
obsId_LPS	id_scfa5_sur1	0.0006808809469580996	20.0	1	9.64316876605998e-05
obsId_MIP2C	id_scfa5_sur1	0.00011808858915734091	20.0	1	2.0409336532923684e-05
obsId_MIPC	id_scfa5_sur1	2.871506043976681e-05	20.0	1	5.581502565434427e-06
obsId_PA	id_scfa5_sur1	0.0008057332576810989	20.0	1	4.263484881147682e-05
obsId_PC	id_scfa5_sur1	0.010702082133112101	20.0	1	0.00044758996802536665
obsId_PE	id_scfa5_sur1	0.0024426267768522694	20.0	1	0.0001957904612855782
obsId_PG	id_scfa5_sur1	0.0002901668623844589	20.0	1	2.7573578646540828e-05
obsId_PI	id_scfa5_sur1	0.004583054961617841	20.0	1	9.703859136344996e-05
obsId_PS	id_scfa5_sur1	0.004295567013297228	20.0	1	0.00034842999876072065
obsId_TAG	id_scfa5_sur1	0.031876003076056085	20.0	1	0.0013422354511814737
obsId_FA	id_scfa5_sur1	0.127629603107877	20.0	1	0.014984637367102399
obsId_Cer	id_scfa5_ydc1	0.0004073060824001519	20.0	1	3.973684423330897e-05
obsId_DAG	id_scfa5_ydc1	0.00888831273136153	20.0	1	0.0004471531468346454
obsId_EE	id_scfa5_ydc1	0.004283168358457701	20.0	1	0.0002312419241728908
obsId_Ergosterol	id_scfa5_ydc1	0.001768277788606404	20.0	1	0.000182893248454558
obsId_IPC	id_scfa5_ydc1	0.0009697327100800586	20.0	1	6.250286432645427e-05
obsId_LPA	id_scfa5_ydc1	5.593756982065236e-05	20.0	1	3.4880057178756425e-06
obsId_LPC	id_scfa5_ydc1	0.00027958234922289974	20.0	1	1.975005126617295e-05
obsId_LPI	id_scfa5_ydc1	0.0004840318931363497	20.0	1	6.675979001339707e-05
obsId_LPS	id_scfa5_ydc1	0.0007872720963503437	20.0	1	0.00013551023866111375
obsId_MIP2C	id_scfa5_ydc1	0.00024426119392543274	20.0	1	1.9810007499320824e-05
obsId_MIPC	id_scfa5_ydc1	0.0003557352974839357	20.0	1	5.286734375869141e-05
obsId_PA	id_scfa5_ydc1	0.0008663220584476571	20.0	1	5.3531133334154217e-05
obsId_PC	id_scfa5_ydc1	0.011046196310962703	20.0	1	0.0002594166953416709
obsId_PE	id_scfa5_ydc1	0.002697394702584872	20.0	1	0.000172905805669646
obsId_PG	id_scfa5_ydc1	0.0002910641632999399	20.0	1	9.294057021460891e-06
obsId_PI	id_scfa5_ydc1	0.004053736853164705	20.0	1	0.00010822205969747373
obsId_PS	id_scfa5_ydc1	0.004854703078866123	20.0	1	0.0001879040122893369
obsId_TAG	id_scfa5_ydc1	0.03670904932417931	20.0	1	0.0007309947291658537
obsId_FA	id_scfa5_ydc1	0.15023706054047428	20.0	1	0.013717166141827131
obsId_Cer	id_scfa7	0.0004878298931515964	20.0	1	3.5206403740236835e-05
obsId_DAG	id_scfa7	0.007508346531553452	20.0	1	5.813195348861197e-05
obsId_EE	id_scfa7	0.0029255307367425615	20.0	1	0.00028441866892517213
obsId_Ergosterol	id_scfa7	0.0016072356492800365	20.0	1	0.00028584938234205013
obsId_IPC	id_scfa7	0.0012608890569073335	20.0	1	6.229548371181709e-05
obsId_LPA	id_scfa7	5.24644849482133e-05	20.0	1	1.3336381020493326e-05
obsId_LPC	id_scfa7	0.0005995397970628125	20.0	1	2.594937355698234e-05
obsId_LPE	id_scfa7	0.0004980897801405652	20.0	1	4.159428244423601e-05
obsId_LPI	id_scfa7	0.0011805261689801672	20.0	1	0.00021809626472723593
obsId_LPS	id_scfa7	0.0014310211815347679	20.0	1	0.00014291306009703834
obsId_MIP2C	id_scfa7	0.0010699252934039452	20.0	1	1.8472512152516752e-05
obsId_MIPC	id_scfa7	0.0005588060619181293	20.0	1	5.5296833303737964e-05
obsId_PA	id_scfa7	0.0014356173572306393	20.0	1	0.0002497334523123642
obsId_PC	id_scfa7	0.01225854557550591	20.0	1	0.00011321076780235569
obsId_PE	id_scfa7	0.0017898898603375079	20.0	1	8.924917208340201e-05
obsId_PG	id_scfa7	0.0003725695248978933	20.0	1	2.131784108013101e-05
obsId_PI	id_scfa7	0.004257208725465112	20.0	1	0.00017104723308038568
obsId_PS	id_scfa7	0.005342411953170502	20.0	1	0.0007903927049571634
obsId_TAG	id_scfa7	0.032082400261122176	20.0	1	0.0003867222214968518
obsId_FA	id_scfa7	0.12904705125148602	20.0	1	0.0049846956611589565
obsId_FOH	id_scfa7	0.010989130997973181	20.0	1	0.001188277245171028
obsId_Cer	id_scfa7_ale1	0.0002787485159874465	20.0	1	2.3282562588843633e-05
obsId_DAG	id_scfa7_ale1	0.006144270334172106	20.0	1	0.0001840730381258058
obsId_EE	id_scfa7_ale1	0.002979587865302934	20.0	1	0.00022224665213833037
obsId_Ergosterol	id_scfa7_ale1	0.0016465529307316655	20.0	1	0.00011732684533810371
obsId_IPC	id_scfa7_ale1	0.0012916874063166372	20.0	1	2.8048344076078115e-05
obsId_LPC	id_scfa7_ale1	0.00039842552874149497	20.0	1	1.143313744736931e-05
obsId_LPE	id_scfa7_ale1	0.000488745710489573	20.0	1	3.576842683582592e-05
obsId_LPI	id_scfa7_ale1	0.0021547399238713385	20.0	1	0.0001676256985354191
obsId_LPS	id_scfa7_ale1	0.0011680567032574284	20.0	1	0.00013783042666826037
obsId_MIP2C	id_scfa7_ale1	0.001358181773590914	20.0	1	0.00021382579626480743
obsId_MIPC	id_scfa7_ale1	0.00016436726663556452	20.0	1	1.7298299062388138e-05
obsId_PA	id_scfa7_ale1	0.0007879897571331367	20.0	1	3.653752792411804e-05
obsId_PC	id_scfa7_ale1	0.012257453654191628	20.0	1	0.0006299006377654678
obsId_PE	id_scfa7_ale1	0.0007914947925849043	20.0	1	2.9764584609973737e-05
obsId_PG	id_scfa7_ale1	0.0002442079322412978	20.0	1	2.0478460316095604e-05
obsId_PI	id_scfa7_ale1	0.007674178855348828	20.0	1	0.0003138199890139102
obsId_PS	id_scfa7_ale1	0.0036651876970886037	20.0	1	0.0005732067830717856
obsId_TAG	id_scfa7_ale1	0.025426717115639385	20.0	1	0.0006681139055724666
obsId_FA	id_scfa7_ale1	0.1298909020705804	20.0	1	0.004852988417434296
obsId_FOH	id_scfa7_ale1	0.00876456403374134	20.0	1	0.0002439368645791971
obsId_Cer	id_scfa7_cho2	0.000555971216351679	20.0	1	4.6170686854147804e-05
obsId_DAG	id_scfa7_cho2	0.011621199232002956	20.0	1	0.0009110759826021003
obsId_EE	id_scfa7_cho2	0.003826495102256987	20.0	1	0.00042726493755112057
obsId_Ergosterol	id_scfa7_cho2	0.003076043673702061	20.0	1	0.0005534243027520531
obsId_IPC	id_scfa7_cho2	0.001879078537781116	20.0	1	0.00016780924762240356
obsId_LPC	id_scfa7_cho2	0.0001960221948348263	20.0	1	1.1979798953420268e-05
obsId_LPE	id_scfa7_cho2	0.0008600482328245153	20.0	1	0.00010059508355131552
obsId_LPI	id_scfa7_cho2	0.0024161680051585028	20.0	1	0.0003884347256874545
obsId_LPS	id_scfa7_cho2	0.000462866017755672	20.0	1	1.5168457430545073e-05
obsId_MIP2C	id_scfa7_cho2	0.0037429818071628295	20.0	1	1.9335291986087456e-05
obsId_MIPC	id_scfa7_cho2	0.0002486425051255109	20.0	1	2.5281738002930188e-05
obsId_PA	id_scfa7_cho2	0.0024214130194929	20.0	1	0.00013775521656252807
obsId_PC	id_scfa7_cho2	0.0034937227879179764	20.0	1	8.715742858283297e-05
obsId_PE	id_scfa7_cho2	0.008699695744341285	20.0	1	0.0007854698931345716
obsId_PG	id_scfa7_cho2	0.00015864736958373	20.0	1	1.6635760111022324e-05
obsId_PI	id_scfa7_cho2	0.012736326609121716	20.0	1	0.0007151693745502571
obsId_PS	id_scfa7_cho2	0.0014883486605014264	20.0	1	0.0001757164958024874
obsId_TAG	id_scfa7_cho2	0.057065548553245644	20.0	1	0.0007805040918364217
obsId_FA	id_scfa7_cho2	0.1433202376824776	20.0	1	0.01003381504827619
obsId_FOH	id_scfa7_cho2	0.00711635345037529	20.0	1	0.0006257768207576552
obsId_Cer	id_scfa7_ino1	0.0013138037317566489	20.0	1	6.131507510758402e-05
obsId_DAG	id_scfa7_ino1	0.011557414912776303	20.0	1	0.0005531713662957897
obsId_EE	id_scfa7_ino1	0.0036564110607888918	20.0	1	0.00018469516472734168
obsId_Ergosterol	id_scfa7_ino1	0.002002976609302819	20.0	1	5.5798763622197684e-05
obsId_IPC	id_scfa7_ino1	0.0012128642273560863	20.0	1	0.00015072677527529118
obsId_LPA	id_scfa7_ino1	0.00038168738364202637	20.0	1	2.443508605345411e-05
obsId_LPC	id_scfa7_ino1	0.0007497640124312324	20.0	1	5.199350845575364e-05
obsId_LPE	id_scfa7_ino1	0.00044019594134931165	20.0	1	1.7881789696680766e-05
obsId_LPI	id_scfa7_ino1	0.0005420027071316287	20.0	1	6.639363330371143e-05
obsId_LPS	id_scfa7_ino1	0.0008592058189873891	20.0	1	0.00013102337266247306
obsId_MIP2C	id_scfa7_ino1	0.001645723910380813	20.0	1	2.182324964914704e-05
obsId_MIPC	id_scfa7_ino1	0.0009553818715053016	20.0	1	2.5131561360847743e-05
obsId_PA	id_scfa7_ino1	0.0044361296140864	20.0	1	8.174628899532652e-05
obsId_PC	id_scfa7_ino1	0.014926105509873557	20.0	1	0.00036058155903221343
obsId_PE	id_scfa7_ino1	0.0022062971605333105	20.0	1	0.00012951837518138405
obsId_PG	id_scfa7_ino1	0.0003505147576951324	20.0	1	2.0196766828516715e-05
obsId_PI	id_scfa7_ino1	0.0006465095359706497	20.0	1	2.1546543892036088e-05
obsId_PS	id_scfa7_ino1	0.00332387973398079	20.0	1	0.00024153697207168504
obsId_TAG	id_scfa7_ino1	0.030622480465393707	20.0	1	0.0002947626758206762
obsId_FA	id_scfa7_ino1	0.1291305623597369	20.0	1	0.002070795802124011
obsId_FOH	id_scfa7_ino1	0.009686776997601917	20.0	1	0.00025423579955615637
obsId_Cer	id_scfa7_psd1	0.000500006346224167	20.0	1	2.6823664927821598e-05
obsId_DAG	id_scfa7_psd1	0.006230184921227851	20.0	1	0.00010960626134099169
obsId_EE	id_scfa7_psd1	0.003700004685571264	20.0	1	0.00029002840067705117
obsId_Ergosterol	id_scfa7_psd1	0.0026287613442023826	20.0	1	0.00023684998579294212
obsId_IPC	id_scfa7_psd1	0.0008899241710125145	20.0	1	5.1118895154150356e-05
obsId_LPC	id_scfa7_psd1	0.0004972570834540128	20.0	1	1.3276737894025895e-05
obsId_LPE	id_scfa7_psd1	0.0004731056197679751	20.0	1	2.4436855166907375e-05
obsId_LPI	id_scfa7_psd1	0.0014475271238797152	20.0	1	0.00023710873410571307
obsId_LPS	id_scfa7_psd1	0.0012322338459351218	20.0	1	5.9855653339795596e-05
obsId_MIP2C	id_scfa7_psd1	0.0024610243988806763	20.0	1	3.132374631803452e-05
obsId_MIPC	id_scfa7_psd1	0.00010456492769462584	20.0	1	1.0320285906225108e-05
obsId_PA	id_scfa7_psd1	0.0012772059999226503	20.0	1	0.0001369633507131329
obsId_PC	id_scfa7_psd1	0.014929937283569214	20.0	1	0.00020714667829351582
obsId_PE	id_scfa7_psd1	0.0010029268715969146	20.0	1	0.00018255158715651894
obsId_PG	id_scfa7_psd1	0.00030820709296316046	20.0	1	4.3480393632881983e-05
obsId_PI	id_scfa7_psd1	0.009403554924703787	20.0	1	8.090739999341879e-05
obsId_PS	id_scfa7_psd1	0.006876986503359449	20.0	1	0.0010070261199538427
obsId_TAG	id_scfa7_psd1	0.026365382950433645	20.0	1	0.0005591855609004214
obsId_FA	id_scfa7_psd1	0.195263234784166	20.0	1	0.03339719185953266
obsId_FOH	id_scfa7_psd1	0.011444857355323069	20.0	1	0.0003009446765197289
obsId_Cer	id_scfa7_sct1	0.0004121423993747579	20.0	1	1.3965787078711701e-05
obsId_DAG	id_scfa7_sct1	0.0067448330801692805	20.0	1	0.00035940450313883595
obsId_EE	id_scfa7_sct1	0.0030097294366103846	20.0	1	0.00023215971530424865
obsId_Ergosterol	id_scfa7_sct1	0.0014632833486673766	20.0	1	0.0001563458946761576
obsId_IPC	id_scfa7_sct1	0.0006832665161241565	20.0	1	3.707755605607734e-05
obsId_LPC	id_scfa7_sct1	0.0007094250758034504	20.0	1	0.00013783104906801516
obsId_LPI	id_scfa7_sct1	0.0016399345984118234	20.0	1	0.00022224382434103045
obsId_LPS	id_scfa7_sct1	0.0010455260470901568	20.0	1	2.94960262572373e-05
obsId_MIP2C	id_scfa7_sct1	0.00045067167236597245	20.0	1	2.8505323602637988e-05
obsId_MIPC	id_scfa7_sct1	0.00016257305641172992	20.0	1	1.6667398235814335e-05
obsId_PA	id_scfa7_sct1	0.0011125601462586327	20.0	1	0.00020972003429209853
obsId_PC	id_scfa7_sct1	0.011535944732656423	20.0	1	0.00025786947051436226
obsId_PE	id_scfa7_sct1	0.0025323017566097083	20.0	1	0.0002740313089369614
obsId_PG	id_scfa7_sct1	0.000447426096238488	20.0	1	2.6676023584630278e-05
obsId_PI	id_scfa7_sct1	0.003372094722880177	20.0	1	0.0002288595734723655
obsId_PS	id_scfa7_sct1	0.003525625901017303	20.0	1	0.0004912257187550415
obsId_TAG	id_scfa7_sct1	0.02740814049615226	20.0	1	0.0006447203570171872
obsId_FA	id_scfa7_sct1	0.1328099871050088	20.0	1	0.0011321025764794211
obsId_FOH	id_scfa7_sct1	0.0114131734076962	20.0	1	0.00012610284560404412
