experimentId	observableId	measurement	time	datasetId
experiment____vvDD	tumor_num	451.73401707247393	0	virus
experiment____vvDD	tumor_num	477.41006706423315	0	virus
experiment____vvDD	tumor_num	509.5051295539299	0	virus
experiment____vvDD	tumor_num	554.4382170395085	0	virus
experiment____vvDD	tumor_num	852.9222981937005	0	virus
experiment____vvDD	tumor_num	1016.607116891161	0	virus
experiment____vvDD	tumor_num	1058.3306981277697	0	virus
experiment____vvDD	tumor_num	1084.006748119529	0	virus
experiment____vvDD	tumor_num	1241.2725543190497	0	virus
experiment____vvDD	tumor_num	1263.7390980618388	0	virus
experiment____vvDD	tumor_num	679.6089607493324	1	virus
experiment____vvDD	tumor_num	817.6177294550338	1	virus
experiment____vvDD	tumor_num	535.1811795456891	1	virus
experiment____vvDD	tumor_num	824.0367419529714	1	virus
experiment____vvDD	tumor_num	1055.1211918788	1	virus
experiment____vvDD	tumor_num	926.740941920006	1	virus
experiment____vvDD	tumor_num	1571.8516979629405	1	virus
experiment____vvDD	tumor_num	1331.1387292902025	1	virus
experiment____vvDD	tumor_num	1481.9855229917855	1	virus
experiment____vvDD	tumor_num	968.4645231566146	1	virus
experiment____vvDD	tumor_num	406.80092958689744	2	virus
experiment____vvDD	tumor_num	483.82907956217286	2	virus
experiment____vvDD	tumor_num	294.4682108729532	2	virus
experiment____vvDD	tumor_num	885.0173606833995	2	virus
experiment____vvDD	tumor_num	291.25870462398325	2	virus
experiment____vvDD	tumor_num	814.4082232060639	2	virus
experiment____vvDD	tumor_num	958.836004409705	2	virus
experiment____vvDD	tumor_num	1119.3113168581956	2	virus
experiment____vvDD	tumor_num	1132.1493418540751	2	virus
experiment____vvDD	tumor_num	1000.5595856463136	2	virus
experiment____vvDD	tumor_num	355.4488296033791	3	virus
experiment____vvDD	tumor_num	349.0298171054393	3	virus
experiment____vvDD	tumor_num	220.64956714664766	3	virus
experiment____vvDD	tumor_num	194.97351715488847	3	virus
experiment____vvDD	tumor_num	252.74462963634662	3	virus
experiment____vvDD	tumor_num	422.84846083174693	3	virus
experiment____vvDD	tumor_num	772.6846419694551	3	virus
experiment____vvDD	tumor_num	464.5720420683534	3	virus
experiment____vvDD	tumor_num	785.5226669653348	3	virus
experiment____vvDD	tumor_num	339.40129835853173	3	virus
experiment____vvDD	tumor_num	50.545735951247316	4	virus
experiment____vvDD	tumor_num	101.89783593476568	4	virus
experiment____vvDD	tumor_num	76.2217859430065	4	virus
experiment____vvDD	tumor_num	53.75524220021722	4	virus
experiment____vvDD	tumor_num	191.76401090591855	4	virus
experiment____vvDD	tumor_num	262.3731483832563	4	virus
experiment____vvDD	tumor_num	589.7427857781752	4	virus
experiment____vvDD	tumor_num	345.8203108564694	4	virus
experiment____vvDD	tumor_num	631.4663670147839	4	virus
experiment____vvDD	tumor_num	374.7058670971985	4	virus
experiment____ctrl	tumor_num	349.1039275702164	0	control
experiment____ctrl	tumor_num	370.50979635893606	0	control
experiment____ctrl	tumor_num	407.93829872021803	0	control
experiment____ctrl	tumor_num	552.3499369974998	0	control
experiment____ctrl	tumor_num	632.5786249293225	0	control
experiment____ctrl	tumor_num	657.550182543784	0	control
experiment____ctrl	tumor_num	945.4762838668787	0	control
experiment____ctrl	tumor_num	985.5848518293386	0	control
experiment____ctrl	tumor_num	1244.9967188123485	0	control
experiment____ctrl	tumor_num	1343.9454339282627	0	control
experiment____ctrl	tumor_num	508.3483427091911	1	control
experiment____ctrl	tumor_num	323.8108084590962	1	control
experiment____ctrl	tumor_num	516.3654354989194	1	control
experiment____ctrl	tumor_num	917.5146511614834	1	control
experiment____ctrl	tumor_num	965.6460879171242	1	control
experiment____ctrl	tumor_num	830.874501593137	1	control
experiment____ctrl	tumor_num	1345.400986797869	1	control
experiment____ctrl	tumor_num	1404.2411339513233	1	control
experiment____ctrl	tumor_num	1086.00067182176	1	control
experiment____ctrl	tumor_num	1372.138106771691	1	control
experiment____ctrl	tumor_num	648.8611786571674	2	control
experiment____ctrl	tumor_num	343.986388512792	2	control
experiment____ctrl	tumor_num	480.36360598998806	2	control
experiment____ctrl	tumor_num	1250.5821141492872	2	control
experiment____ctrl	tumor_num	1140.9304646390121	2	control
experiment____ctrl	tumor_num	771.4696645965797	2	control
experiment____ctrl	tumor_num	1400.3481076254745	2	control
experiment____ctrl	tumor_num	1357.553698058382	2	control
experiment____ctrl	tumor_num	1400.3423316220221	2	control
experiment____ctrl	tumor_num	1592.8854066549445	2	control
experiment____ctrl	tumor_num	612.8651251516885	3	control
experiment____ctrl	tumor_num	441.73369491093814	3	control
experiment____ctrl	tumor_num	449.7392356937657	3	control
experiment____ctrl	tumor_num	1091.5802911552485	3	control
experiment____ctrl	tumor_num	1265.4091150075299	3	control
experiment____ctrl	tumor_num	959.3493729329441	3	control
experiment____ctrl	tumor_num	1669.2210682609186	3	control
experiment____ctrl	tumor_num	1441.9064524540886	3	control
experiment____ctrl	tumor_num	1262.7232734028994	3	control
experiment____ctrl	tumor_num	1749.461308199642	3	control
experiment____ctrl	tumor_num	705.2811803647304	4	control
experiment____ctrl	tumor_num	416.469455817074	4	control
experiment____ctrl	tumor_num	496.70391975234486	4	control
experiment____ctrl	tumor_num	1499.550966893223	4	control
experiment____ctrl	tumor_num	1357.8136182136711	4	control
experiment____ctrl	tumor_num	1026.0423760760882	4	control
experiment____ctrl	tumor_num	1531.6539940728533	4	control
experiment____ctrl	tumor_num	1700.1226867227788	4	control
experiment____ctrl	tumor_num	1470.1280053147707	4	control
experiment____ctrl	tumor_num	1876.6258001727879	4	control
